url,notes,active,category
https://www.trustpilot.com/review/sweatco.in,Sweatcoin,TRUE,app
https://www.trustpilot.com/review/weward.com,WeWard,TRUE,app
https://www.trustpilot.com/review/www.macadam.app,Macadam,TRUE,app
https://www.trustpilot.com/review/evidation.com,Evidation (antes Achievement),TRUE,app
https://www.trustpilot.com/review/freecash.com,Freecash,TRUE,app
https://www.trustpilot.com/review/outlier.ai,Outlier.ai,TRUE,app
https://www.trustpilot.com/review/remotasks.com,Remotasks,TRUE,app
https://www.trustpilot.com/review/neevo.ai,Neevo AI,TRUE,app
https://www.trustpilot.com/review/babel.audio,Babel audios,TRUE,app
https://www.trustpilot.com/review/www.fiverr.com,Fiver,TRUE,app
https://www.trustpilot.com/review/www.foap.com,Foap,TRUE,app
https://www.trustpilot.com/review/mistplay.com,Mistplay,TRUE,app
https://www.trustpilot.com/review/playtestcloud.com,Playtestcloud,TRUE,app
https://www.trustpilot.com/review/attapoll.app,Attapoll,TRUE,app
https://www.trustpilot.com/review/5surveys.com,5 surveys,TRUE,app
https://www.trustpilot.com/review/cashwalk.us,Cashwalk,TRUE,app
https://www.trustpilot.com/review/earnapp.com,Earnapp,TRUE,app
https://www.trustpilot.com/review/honeygain.com,Honeygain,TRUE,app
https://www.trustpilot.com/review/www.mobilexpression.com,MobileXpression,TRUE,app
https://www.trustpilot.com/review/pawns.app,Pawns.app,TRUE,app
https://www.trustpilot.com/review/googleopinionrewards.page.link,Google Opinion Rewards,TRUE,app
https://www.trustpilot.com/review/microsoftrewards.com,Microsoft Rewards,TRUE,app
https://www.trustpilot.com/review/usertesting.com,UserTesting,TRUE,app
https://www.trustpilot.com/review/www.prolific.com,Prolific,TRUE,app
https://www.trustpilot.com/review/clickworker.com,Clickworker,TRUE,app
https://www.trustpilot.com/review/pineconeresearch.com,Pinecone Research,TRUE,app
https://www.trustpilot.com/review/www.surveyjunkie.com,Survey Junkie,TRUE,app
https://www.trustpilot.com/review/respondent.io,Respondent.io,TRUE,app
https://www.trustpilot.com/review/userinterviews.com,User Interviews,TRUE,app
https://www.trustpilot.com/review/2captcha.com,2Captcha,TRUE,app
https://www.trustpilot.com/review/yougov.com,YouGov,TRUE,app
https://www.trustpilot.com/review/surveys.gobranded.com,Branded Surveys,TRUE,app
https://www.trustpilot.com/review/heycash.com,HeyCash,TRUE,app
https://www.trustpilot.com/review/www.swagbucks.com,Swagbucks,TRUE,app
https://www.trustpilot.com/review/nielsen.com,Nielsen Computer & Mobile Panel,TRUE,app
https://www.trustpilot.com/review/www.mypoints.com,MyPoints,TRUE,app
https://www.trustpilot.com/review/prizerebel.com,PrizeRebel,TRUE,app
https://www.trustpilot.com/review/justplayapps.com,JustPlay,TRUE,app
https://www.trustpilot.com/review/jumptask.io,JumpTask,TRUE,app